<world>
<info>
<var name="name" value="TestLevel"/>
<var name="description" value="Editor export."/>
</info>
<object name="terrain_0_0">
<model file="Media\Levels\data\terrain_0_0.dbo"/>
<position x="0" y="0" z="240"/>
<rotation x="0" y="0" z="0"/>
<scale x="100" y="100" z="100"/>
</object>
<object name="terrain_1_0">
<model file="Media\Levels\data\terrain_1_0.dbo"/>
<position x="16" y="0" z="240"/>
<rotation x="0" y="0" z="0"/>
<scale x="100" y="100" z="100"/>
</object>
<object name="terrain_2_0">
<model file="Media\Levels\data\terrain_2_0.dbo"/>
<position x="32" y="0" z="240"/>
<rotation x="0" y="0" z="0"/>
<scale x="100" y="100" z="100"/>
</object>
<object name="terrain_3_0">
<model file="Media\Levels\data\terrain_3_0.dbo"/>
<position x="48" y="0" z="240"/>
<rotation x="0" y="0" z="0"/>
<scale x="100" y="100" z="100"/>
</object>
<object name="terrain_4_0">
<model file="Media\Levels\data\terrain_4_0.dbo"/>
<position x="64" y="0" z="240"/>
<rotation x="0" y="0" z="0"/>
<scale x="100" y="100" z="100"/>
</object>
<object name="terrain_5_0">
<model file="Media\Levels\data\terrain_5_0.dbo"/>
<position x="80" y="0" z="240"/>
<rotation x="0" y="0" z="0"/>
<scale x="100" y="100" z="100"/>
</object>
<object name="terrain_6_0">
<model file="Media\Levels\data\terrain_6_0.dbo"/>
<position x="96" y="0" z="240"/>
<rotation x="0" y="0" z="0"/>
<scale x="100" y="100" z="100"/>
</object>
<object name="terrain_7_0">
<model file="Media\Levels\data\terrain_7_0.dbo"/>
<position x="112" y="0" z="240"/>
<rotation x="0" y="0" z="0"/>
<scale x="100" y="100" z="100"/>
</object>
<object name="terrain_8_0">
<model file="Media\Levels\data\terrain_8_0.dbo"/>
<position x="128" y="0" z="240"/>
<rotation x="0" y="0" z="0"/>
<scale x="100" y="100" z="100"/>
</object>
<object name="terrain_9_0">
<model file="Media\Levels\data\terrain_9_0.dbo"/>
<position x="144" y="0" z="240"/>
<rotation x="0" y="0" z="0"/>
<scale x="100" y="100" z="100"/>
</object>
<object name="terrain_10_0">
<model file="Media\Levels\data\terrain_10_0.dbo"/>
<position x="160" y="0" z="240"/>
<rotation x="0" y="0" z="0"/>
<scale x="100" y="100" z="100"/>
</object>
<object name="terrain_11_0">
<model file="Media\Levels\data\terrain_11_0.dbo"/>
<position x="176" y="0" z="240"/>
<rotation x="0" y="0" z="0"/>
<scale x="100" y="100" z="100"/>
</object>
<object name="terrain_12_0">
<model file="Media\Levels\data\terrain_12_0.dbo"/>
<position x="192" y="0" z="240"/>
<rotation x="0" y="0" z="0"/>
<scale x="100" y="100" z="100"/>
</object>
<object name="terrain_13_0">
<model file="Media\Levels\data\terrain_13_0.dbo"/>
<position x="208" y="0" z="240"/>
<rotation x="0" y="0" z="0"/>
<scale x="100" y="100" z="100"/>
</object>
<object name="terrain_14_0">
<model file="Media\Levels\data\terrain_14_0.dbo"/>
<position x="224" y="0" z="240"/>
<rotation x="0" y="0" z="0"/>
<scale x="100" y="100" z="100"/>
</object>
<object name="terrain_15_0">
<model file="Media\Levels\data\terrain_15_0.dbo"/>
<position x="240" y="0" z="240"/>
<rotation x="0" y="0" z="0"/>
<scale x="100" y="100" z="100"/>
</object>
<object name="terrain_0_1">
<model file="Media\Levels\data\terrain_0_1.dbo"/>
<position x="0" y="0" z="224"/>
<rotation x="0" y="0" z="0"/>
<scale x="100" y="100" z="100"/>
</object>
<object name="terrain_1_1">
<model file="Media\Levels\data\terrain_1_1.dbo"/>
<position x="16" y="0" z="224"/>
<rotation x="0" y="0" z="0"/>
<scale x="100" y="100" z="100"/>
</object>
<object name="terrain_2_1">
<model file="Media\Levels\data\terrain_2_1.dbo"/>
<position x="32" y="0" z="224"/>
<rotation x="0" y="0" z="0"/>
<scale x="100" y="100" z="100"/>
</object>
<object name="terrain_3_1">
<model file="Media\Levels\data\terrain_3_1.dbo"/>
<position x="48" y="0" z="224"/>
<rotation x="0" y="0" z="0"/>
<scale x="100" y="100" z="100"/>
</object>
<object name="terrain_4_1">
<model file="Media\Levels\data\terrain_4_1.dbo"/>
<position x="64" y="0" z="224"/>
<rotation x="0" y="0" z="0"/>
<scale x="100" y="100" z="100"/>
</object>
<object name="terrain_5_1">
<model file="Media\Levels\data\terrain_5_1.dbo"/>
<position x="80" y="0" z="224"/>
<rotation x="0" y="0" z="0"/>
<scale x="100" y="100" z="100"/>
</object>
<object name="terrain_6_1">
<model file="Media\Levels\data\terrain_6_1.dbo"/>
<position x="96" y="0" z="224"/>
<rotation x="0" y="0" z="0"/>
<scale x="100" y="100" z="100"/>
</object>
<object name="terrain_7_1">
<model file="Media\Levels\data\terrain_7_1.dbo"/>
<position x="112" y="0" z="224"/>
<rotation x="0" y="0" z="0"/>
<scale x="100" y="100" z="100"/>
</object>
<object name="terrain_8_1">
<model file="Media\Levels\data\terrain_8_1.dbo"/>
<position x="128" y="0" z="224"/>
<rotation x="0" y="0" z="0"/>
<scale x="100" y="100" z="100"/>
</object>
<object name="terrain_9_1">
<model file="Media\Levels\data\terrain_9_1.dbo"/>
<position x="144" y="0" z="224"/>
<rotation x="0" y="0" z="0"/>
<scale x="100" y="100" z="100"/>
</object>
<object name="terrain_10_1">
<model file="Media\Levels\data\terrain_10_1.dbo"/>
<position x="160" y="0" z="224"/>
<rotation x="0" y="0" z="0"/>
<scale x="100" y="100" z="100"/>
</object>
<object name="terrain_11_1">
<model file="Media\Levels\data\terrain_11_1.dbo"/>
<position x="176" y="0" z="224"/>
<rotation x="0" y="0" z="0"/>
<scale x="100" y="100" z="100"/>
</object>
<object name="terrain_12_1">
<model file="Media\Levels\data\terrain_12_1.dbo"/>
<position x="192" y="0" z="224"/>
<rotation x="0" y="0" z="0"/>
<scale x="100" y="100" z="100"/>
</object>
<object name="terrain_13_1">
<model file="Media\Levels\data\terrain_13_1.dbo"/>
<position x="208" y="0" z="224"/>
<rotation x="0" y="0" z="0"/>
<scale x="100" y="100" z="100"/>
</object>
<object name="terrain_14_1">
<model file="Media\Levels\data\terrain_14_1.dbo"/>
<position x="224" y="0" z="224"/>
<rotation x="0" y="0" z="0"/>
<scale x="100" y="100" z="100"/>
</object>
<object name="terrain_15_1">
<model file="Media\Levels\data\terrain_15_1.dbo"/>
<position x="240" y="0" z="224"/>
<rotation x="0" y="0" z="0"/>
<scale x="100" y="100" z="100"/>
</object>
<object name="terrain_0_2">
<model file="Media\Levels\data\terrain_0_2.dbo"/>
<position x="0" y="0" z="208"/>
<rotation x="0" y="0" z="0"/>
<scale x="100" y="100" z="100"/>
</object>
<object name="terrain_1_2">
<model file="Media\Levels\data\terrain_1_2.dbo"/>
<position x="16" y="0" z="208"/>
<rotation x="0" y="0" z="0"/>
<scale x="100" y="100" z="100"/>
</object>
<object name="terrain_2_2">
<model file="Media\Levels\data\terrain_2_2.dbo"/>
<position x="32" y="0" z="208"/>
<rotation x="0" y="0" z="0"/>
<scale x="100" y="100" z="100"/>
</object>
<object name="terrain_3_2">
<model file="Media\Levels\data\terrain_3_2.dbo"/>
<position x="48" y="0" z="208"/>
<rotation x="0" y="0" z="0"/>
<scale x="100" y="100" z="100"/>
</object>
<object name="terrain_4_2">
<model file="Media\Levels\data\terrain_4_2.dbo"/>
<position x="64" y="0" z="208"/>
<rotation x="0" y="0" z="0"/>
<scale x="100" y="100" z="100"/>
</object>
<object name="terrain_5_2">
<model file="Media\Levels\data\terrain_5_2.dbo"/>
<position x="80" y="0" z="208"/>
<rotation x="0" y="0" z="0"/>
<scale x="100" y="100" z="100"/>
</object>
<object name="terrain_6_2">
<model file="Media\Levels\data\terrain_6_2.dbo"/>
<position x="96" y="0" z="208"/>
<rotation x="0" y="0" z="0"/>
<scale x="100" y="100" z="100"/>
</object>
<object name="terrain_7_2">
<model file="Media\Levels\data\terrain_7_2.dbo"/>
<position x="112" y="0" z="208"/>
<rotation x="0" y="0" z="0"/>
<scale x="100" y="100" z="100"/>
</object>
<object name="terrain_8_2">
<model file="Media\Levels\data\terrain_8_2.dbo"/>
<position x="128" y="0" z="208"/>
<rotation x="0" y="0" z="0"/>
<scale x="100" y="100" z="100"/>
</object>
<object name="terrain_9_2">
<model file="Media\Levels\data\terrain_9_2.dbo"/>
<position x="144" y="0" z="208"/>
<rotation x="0" y="0" z="0"/>
<scale x="100" y="100" z="100"/>
</object>
<object name="terrain_10_2">
<model file="Media\Levels\data\terrain_10_2.dbo"/>
<position x="160" y="0" z="208"/>
<rotation x="0" y="0" z="0"/>
<scale x="100" y="100" z="100"/>
</object>
<object name="terrain_11_2">
<model file="Media\Levels\data\terrain_11_2.dbo"/>
<position x="176" y="0" z="208"/>
<rotation x="0" y="0" z="0"/>
<scale x="100" y="100" z="100"/>
</object>
<object name="terrain_12_2">
<model file="Media\Levels\data\terrain_12_2.dbo"/>
<position x="192" y="0" z="208"/>
<rotation x="0" y="0" z="0"/>
<scale x="100" y="100" z="100"/>
</object>
<object name="terrain_13_2">
<model file="Media\Levels\data\terrain_13_2.dbo"/>
<position x="208" y="0" z="208"/>
<rotation x="0" y="0" z="0"/>
<scale x="100" y="100" z="100"/>
</object>
<object name="terrain_14_2">
<model file="Media\Levels\data\terrain_14_2.dbo"/>
<position x="224" y="0" z="208"/>
<rotation x="0" y="0" z="0"/>
<scale x="100" y="100" z="100"/>
</object>
<object name="terrain_15_2">
<model file="Media\Levels\data\terrain_15_2.dbo"/>
<position x="240" y="0" z="208"/>
<rotation x="0" y="0" z="0"/>
<scale x="100" y="100" z="100"/>
</object>
<object name="terrain_0_3">
<model file="Media\Levels\data\terrain_0_3.dbo"/>
<position x="0" y="0" z="192"/>
<rotation x="0" y="0" z="0"/>
<scale x="100" y="100" z="100"/>
</object>
<object name="terrain_1_3">
<model file="Media\Levels\data\terrain_1_3.dbo"/>
<position x="16" y="0" z="192"/>
<rotation x="0" y="0" z="0"/>
<scale x="100" y="100" z="100"/>
</object>
<object name="terrain_2_3">
<model file="Media\Levels\data\terrain_2_3.dbo"/>
<position x="32" y="0" z="192"/>
<rotation x="0" y="0" z="0"/>
<scale x="100" y="100" z="100"/>
</object>
<object name="terrain_3_3">
<model file="Media\Levels\data\terrain_3_3.dbo"/>
<position x="48" y="0" z="192"/>
<rotation x="0" y="0" z="0"/>
<scale x="100" y="100" z="100"/>
</object>
<object name="terrain_4_3">
<model file="Media\Levels\data\terrain_4_3.dbo"/>
<position x="64" y="0" z="192"/>
<rotation x="0" y="0" z="0"/>
<scale x="100" y="100" z="100"/>
</object>
<object name="terrain_5_3">
<model file="Media\Levels\data\terrain_5_3.dbo"/>
<position x="80" y="0" z="192"/>
<rotation x="0" y="0" z="0"/>
<scale x="100" y="100" z="100"/>
</object>
<object name="terrain_6_3">
<model file="Media\Levels\data\terrain_6_3.dbo"/>
<position x="96" y="0" z="192"/>
<rotation x="0" y="0" z="0"/>
<scale x="100" y="100" z="100"/>
</object>
<object name="terrain_7_3">
<model file="Media\Levels\data\terrain_7_3.dbo"/>
<position x="112" y="0" z="192"/>
<rotation x="0" y="0" z="0"/>
<scale x="100" y="100" z="100"/>
</object>
<object name="terrain_8_3">
<model file="Media\Levels\data\terrain_8_3.dbo"/>
<position x="128" y="0" z="192"/>
<rotation x="0" y="0" z="0"/>
<scale x="100" y="100" z="100"/>
</object>
<object name="terrain_9_3">
<model file="Media\Levels\data\terrain_9_3.dbo"/>
<position x="144" y="0" z="192"/>
<rotation x="0" y="0" z="0"/>
<scale x="100" y="100" z="100"/>
</object>
<object name="terrain_10_3">
<model file="Media\Levels\data\terrain_10_3.dbo"/>
<position x="160" y="0" z="192"/>
<rotation x="0" y="0" z="0"/>
<scale x="100" y="100" z="100"/>
</object>
<object name="terrain_11_3">
<model file="Media\Levels\data\terrain_11_3.dbo"/>
<position x="176" y="0" z="192"/>
<rotation x="0" y="0" z="0"/>
<scale x="100" y="100" z="100"/>
</object>
<object name="terrain_12_3">
<model file="Media\Levels\data\terrain_12_3.dbo"/>
<position x="192" y="0" z="192"/>
<rotation x="0" y="0" z="0"/>
<scale x="100" y="100" z="100"/>
</object>
<object name="terrain_13_3">
<model file="Media\Levels\data\terrain_13_3.dbo"/>
<position x="208" y="0" z="192"/>
<rotation x="0" y="0" z="0"/>
<scale x="100" y="100" z="100"/>
</object>
<object name="terrain_14_3">
<model file="Media\Levels\data\terrain_14_3.dbo"/>
<position x="224" y="0" z="192"/>
<rotation x="0" y="0" z="0"/>
<scale x="100" y="100" z="100"/>
</object>
<object name="terrain_15_3">
<model file="Media\Levels\data\terrain_15_3.dbo"/>
<position x="240" y="0" z="192"/>
<rotation x="0" y="0" z="0"/>
<scale x="100" y="100" z="100"/>
</object>
<object name="terrain_0_4">
<model file="Media\Levels\data\terrain_0_4.dbo"/>
<position x="0" y="0" z="176"/>
<rotation x="0" y="0" z="0"/>
<scale x="100" y="100" z="100"/>
</object>
<object name="terrain_1_4">
<model file="Media\Levels\data\terrain_1_4.dbo"/>
<position x="16" y="0" z="176"/>
<rotation x="0" y="0" z="0"/>
<scale x="100" y="100" z="100"/>
</object>
<object name="terrain_2_4">
<model file="Media\Levels\data\terrain_2_4.dbo"/>
<position x="32" y="0" z="176"/>
<rotation x="0" y="0" z="0"/>
<scale x="100" y="100" z="100"/>
</object>
<object name="terrain_3_4">
<model file="Media\Levels\data\terrain_3_4.dbo"/>
<position x="48" y="0" z="176"/>
<rotation x="0" y="0" z="0"/>
<scale x="100" y="100" z="100"/>
</object>
<object name="terrain_4_4">
<model file="Media\Levels\data\terrain_4_4.dbo"/>
<position x="64" y="0" z="176"/>
<rotation x="0" y="0" z="0"/>
<scale x="100" y="100" z="100"/>
</object>
<object name="terrain_5_4">
<model file="Media\Levels\data\terrain_5_4.dbo"/>
<position x="80" y="0" z="176"/>
<rotation x="0" y="0" z="0"/>
<scale x="100" y="100" z="100"/>
</object>
<object name="terrain_6_4">
<model file="Media\Levels\data\terrain_6_4.dbo"/>
<position x="96" y="0" z="176"/>
<rotation x="0" y="0" z="0"/>
<scale x="100" y="100" z="100"/>
</object>
<object name="terrain_7_4">
<model file="Media\Levels\data\terrain_7_4.dbo"/>
<position x="112" y="0" z="176"/>
<rotation x="0" y="0" z="0"/>
<scale x="100" y="100" z="100"/>
</object>
<object name="terrain_8_4">
<model file="Media\Levels\data\terrain_8_4.dbo"/>
<position x="128" y="0" z="176"/>
<rotation x="0" y="0" z="0"/>
<scale x="100" y="100" z="100"/>
</object>
<object name="terrain_9_4">
<model file="Media\Levels\data\terrain_9_4.dbo"/>
<position x="144" y="0" z="176"/>
<rotation x="0" y="0" z="0"/>
<scale x="100" y="100" z="100"/>
</object>
<object name="terrain_10_4">
<model file="Media\Levels\data\terrain_10_4.dbo"/>
<position x="160" y="0" z="176"/>
<rotation x="0" y="0" z="0"/>
<scale x="100" y="100" z="100"/>
</object>
<object name="terrain_11_4">
<model file="Media\Levels\data\terrain_11_4.dbo"/>
<position x="176" y="0" z="176"/>
<rotation x="0" y="0" z="0"/>
<scale x="100" y="100" z="100"/>
</object>
<object name="terrain_12_4">
<model file="Media\Levels\data\terrain_12_4.dbo"/>
<position x="192" y="0" z="176"/>
<rotation x="0" y="0" z="0"/>
<scale x="100" y="100" z="100"/>
</object>
<object name="terrain_13_4">
<model file="Media\Levels\data\terrain_13_4.dbo"/>
<position x="208" y="0" z="176"/>
<rotation x="0" y="0" z="0"/>
<scale x="100" y="100" z="100"/>
</object>
<object name="terrain_14_4">
<model file="Media\Levels\data\terrain_14_4.dbo"/>
<position x="224" y="0" z="176"/>
<rotation x="0" y="0" z="0"/>
<scale x="100" y="100" z="100"/>
</object>
<object name="terrain_15_4">
<model file="Media\Levels\data\terrain_15_4.dbo"/>
<position x="240" y="0" z="176"/>
<rotation x="0" y="0" z="0"/>
<scale x="100" y="100" z="100"/>
</object>
<object name="terrain_0_5">
<model file="Media\Levels\data\terrain_0_5.dbo"/>
<position x="0" y="0" z="160"/>
<rotation x="0" y="0" z="0"/>
<scale x="100" y="100" z="100"/>
</object>
<object name="terrain_1_5">
<model file="Media\Levels\data\terrain_1_5.dbo"/>
<position x="16" y="0" z="160"/>
<rotation x="0" y="0" z="0"/>
<scale x="100" y="100" z="100"/>
</object>
<object name="terrain_2_5">
<model file="Media\Levels\data\terrain_2_5.dbo"/>
<position x="32" y="0" z="160"/>
<rotation x="0" y="0" z="0"/>
<scale x="100" y="100" z="100"/>
</object>
<object name="terrain_3_5">
<model file="Media\Levels\data\terrain_3_5.dbo"/>
<position x="48" y="0" z="160"/>
<rotation x="0" y="0" z="0"/>
<scale x="100" y="100" z="100"/>
</object>
<object name="terrain_4_5">
<model file="Media\Levels\data\terrain_4_5.dbo"/>
<position x="64" y="0" z="160"/>
<rotation x="0" y="0" z="0"/>
<scale x="100" y="100" z="100"/>
</object>
<object name="terrain_5_5">
<model file="Media\Levels\data\terrain_5_5.dbo"/>
<position x="80" y="0" z="160"/>
<rotation x="0" y="0" z="0"/>
<scale x="100" y="100" z="100"/>
</object>
<object name="terrain_6_5">
<model file="Media\Levels\data\terrain_6_5.dbo"/>
<position x="96" y="0" z="160"/>
<rotation x="0" y="0" z="0"/>
<scale x="100" y="100" z="100"/>
</object>
<object name="terrain_7_5">
<model file="Media\Levels\data\terrain_7_5.dbo"/>
<position x="112" y="0" z="160"/>
<rotation x="0" y="0" z="0"/>
<scale x="100" y="100" z="100"/>
</object>
<object name="terrain_8_5">
<model file="Media\Levels\data\terrain_8_5.dbo"/>
<position x="128" y="0" z="160"/>
<rotation x="0" y="0" z="0"/>
<scale x="100" y="100" z="100"/>
</object>
<object name="terrain_9_5">
<model file="Media\Levels\data\terrain_9_5.dbo"/>
<position x="144" y="0" z="160"/>
<rotation x="0" y="0" z="0"/>
<scale x="100" y="100" z="100"/>
</object>
<object name="terrain_10_5">
<model file="Media\Levels\data\terrain_10_5.dbo"/>
<position x="160" y="0" z="160"/>
<rotation x="0" y="0" z="0"/>
<scale x="100" y="100" z="100"/>
</object>
<object name="terrain_11_5">
<model file="Media\Levels\data\terrain_11_5.dbo"/>
<position x="176" y="0" z="160"/>
<rotation x="0" y="0" z="0"/>
<scale x="100" y="100" z="100"/>
</object>
<object name="terrain_12_5">
<model file="Media\Levels\data\terrain_12_5.dbo"/>
<position x="192" y="0" z="160"/>
<rotation x="0" y="0" z="0"/>
<scale x="100" y="100" z="100"/>
</object>
<object name="terrain_13_5">
<model file="Media\Levels\data\terrain_13_5.dbo"/>
<position x="208" y="0" z="160"/>
<rotation x="0" y="0" z="0"/>
<scale x="100" y="100" z="100"/>
</object>
<object name="terrain_14_5">
<model file="Media\Levels\data\terrain_14_5.dbo"/>
<position x="224" y="0" z="160"/>
<rotation x="0" y="0" z="0"/>
<scale x="100" y="100" z="100"/>
</object>
<object name="terrain_15_5">
<model file="Media\Levels\data\terrain_15_5.dbo"/>
<position x="240" y="0" z="160"/>
<rotation x="0" y="0" z="0"/>
<scale x="100" y="100" z="100"/>
</object>
<object name="terrain_0_6">
<model file="Media\Levels\data\terrain_0_6.dbo"/>
<position x="0" y="0" z="144"/>
<rotation x="0" y="0" z="0"/>
<scale x="100" y="100" z="100"/>
</object>
<object name="terrain_1_6">
<model file="Media\Levels\data\terrain_1_6.dbo"/>
<position x="16" y="0" z="144"/>
<rotation x="0" y="0" z="0"/>
<scale x="100" y="100" z="100"/>
</object>
<object name="terrain_2_6">
<model file="Media\Levels\data\terrain_2_6.dbo"/>
<position x="32" y="0" z="144"/>
<rotation x="0" y="0" z="0"/>
<scale x="100" y="100" z="100"/>
</object>
<object name="terrain_3_6">
<model file="Media\Levels\data\terrain_3_6.dbo"/>
<position x="48" y="0" z="144"/>
<rotation x="0" y="0" z="0"/>
<scale x="100" y="100" z="100"/>
</object>
<object name="terrain_4_6">
<model file="Media\Levels\data\terrain_4_6.dbo"/>
<position x="64" y="0" z="144"/>
<rotation x="0" y="0" z="0"/>
<scale x="100" y="100" z="100"/>
</object>
<object name="terrain_5_6">
<model file="Media\Levels\data\terrain_5_6.dbo"/>
<position x="80" y="0" z="144"/>
<rotation x="0" y="0" z="0"/>
<scale x="100" y="100" z="100"/>
</object>
<object name="terrain_6_6">
<model file="Media\Levels\data\terrain_6_6.dbo"/>
<position x="96" y="0" z="144"/>
<rotation x="0" y="0" z="0"/>
<scale x="100" y="100" z="100"/>
</object>
<object name="terrain_7_6">
<model file="Media\Levels\data\terrain_7_6.dbo"/>
<position x="112" y="0" z="144"/>
<rotation x="0" y="0" z="0"/>
<scale x="100" y="100" z="100"/>
</object>
<object name="terrain_8_6">
<model file="Media\Levels\data\terrain_8_6.dbo"/>
<position x="128" y="0" z="144"/>
<rotation x="0" y="0" z="0"/>
<scale x="100" y="100" z="100"/>
</object>
<object name="terrain_9_6">
<model file="Media\Levels\data\terrain_9_6.dbo"/>
<position x="144" y="0" z="144"/>
<rotation x="0" y="0" z="0"/>
<scale x="100" y="100" z="100"/>
</object>
<object name="terrain_10_6">
<model file="Media\Levels\data\terrain_10_6.dbo"/>
<position x="160" y="0" z="144"/>
<rotation x="0" y="0" z="0"/>
<scale x="100" y="100" z="100"/>
</object>
<object name="terrain_11_6">
<model file="Media\Levels\data\terrain_11_6.dbo"/>
<position x="176" y="0" z="144"/>
<rotation x="0" y="0" z="0"/>
<scale x="100" y="100" z="100"/>
</object>
<object name="terrain_12_6">
<model file="Media\Levels\data\terrain_12_6.dbo"/>
<position x="192" y="0" z="144"/>
<rotation x="0" y="0" z="0"/>
<scale x="100" y="100" z="100"/>
</object>
<object name="terrain_13_6">
<model file="Media\Levels\data\terrain_13_6.dbo"/>
<position x="208" y="0" z="144"/>
<rotation x="0" y="0" z="0"/>
<scale x="100" y="100" z="100"/>
</object>
<object name="terrain_14_6">
<model file="Media\Levels\data\terrain_14_6.dbo"/>
<position x="224" y="0" z="144"/>
<rotation x="0" y="0" z="0"/>
<scale x="100" y="100" z="100"/>
</object>
<object name="terrain_15_6">
<model file="Media\Levels\data\terrain_15_6.dbo"/>
<position x="240" y="0" z="144"/>
<rotation x="0" y="0" z="0"/>
<scale x="100" y="100" z="100"/>
</object>
<object name="terrain_0_7">
<model file="Media\Levels\data\terrain_0_7.dbo"/>
<position x="0" y="0" z="128"/>
<rotation x="0" y="0" z="0"/>
<scale x="100" y="100" z="100"/>
</object>
<object name="terrain_1_7">
<model file="Media\Levels\data\terrain_1_7.dbo"/>
<position x="16" y="0" z="128"/>
<rotation x="0" y="0" z="0"/>
<scale x="100" y="100" z="100"/>
</object>
<object name="terrain_2_7">
<model file="Media\Levels\data\terrain_2_7.dbo"/>
<position x="32" y="0" z="128"/>
<rotation x="0" y="0" z="0"/>
<scale x="100" y="100" z="100"/>
</object>
<object name="terrain_3_7">
<model file="Media\Levels\data\terrain_3_7.dbo"/>
<position x="48" y="0" z="128"/>
<rotation x="0" y="0" z="0"/>
<scale x="100" y="100" z="100"/>
</object>
<object name="terrain_4_7">
<model file="Media\Levels\data\terrain_4_7.dbo"/>
<position x="64" y="0" z="128"/>
<rotation x="0" y="0" z="0"/>
<scale x="100" y="100" z="100"/>
</object>
<object name="terrain_5_7">
<model file="Media\Levels\data\terrain_5_7.dbo"/>
<position x="80" y="0" z="128"/>
<rotation x="0" y="0" z="0"/>
<scale x="100" y="100" z="100"/>
</object>
<object name="terrain_6_7">
<model file="Media\Levels\data\terrain_6_7.dbo"/>
<position x="96" y="0" z="128"/>
<rotation x="0" y="0" z="0"/>
<scale x="100" y="100" z="100"/>
</object>
<object name="terrain_7_7">
<model file="Media\Levels\data\terrain_7_7.dbo"/>
<position x="112" y="0" z="128"/>
<rotation x="0" y="0" z="0"/>
<scale x="100" y="100" z="100"/>
</object>
<object name="terrain_8_7">
<model file="Media\Levels\data\terrain_8_7.dbo"/>
<position x="128" y="0" z="128"/>
<rotation x="0" y="0" z="0"/>
<scale x="100" y="100" z="100"/>
</object>
<object name="terrain_9_7">
<model file="Media\Levels\data\terrain_9_7.dbo"/>
<position x="144" y="0" z="128"/>
<rotation x="0" y="0" z="0"/>
<scale x="100" y="100" z="100"/>
</object>
<object name="terrain_10_7">
<model file="Media\Levels\data\terrain_10_7.dbo"/>
<position x="160" y="0" z="128"/>
<rotation x="0" y="0" z="0"/>
<scale x="100" y="100" z="100"/>
</object>
<object name="terrain_11_7">
<model file="Media\Levels\data\terrain_11_7.dbo"/>
<position x="176" y="0" z="128"/>
<rotation x="0" y="0" z="0"/>
<scale x="100" y="100" z="100"/>
</object>
<object name="terrain_12_7">
<model file="Media\Levels\data\terrain_12_7.dbo"/>
<position x="192" y="0" z="128"/>
<rotation x="0" y="0" z="0"/>
<scale x="100" y="100" z="100"/>
</object>
<object name="terrain_13_7">
<model file="Media\Levels\data\terrain_13_7.dbo"/>
<position x="208" y="0" z="128"/>
<rotation x="0" y="0" z="0"/>
<scale x="100" y="100" z="100"/>
</object>
<object name="terrain_14_7">
<model file="Media\Levels\data\terrain_14_7.dbo"/>
<position x="224" y="0" z="128"/>
<rotation x="0" y="0" z="0"/>
<scale x="100" y="100" z="100"/>
</object>
<object name="terrain_15_7">
<model file="Media\Levels\data\terrain_15_7.dbo"/>
<position x="240" y="0" z="128"/>
<rotation x="0" y="0" z="0"/>
<scale x="100" y="100" z="100"/>
</object>
<object name="terrain_0_8">
<model file="Media\Levels\data\terrain_0_8.dbo"/>
<position x="0" y="0" z="112"/>
<rotation x="0" y="0" z="0"/>
<scale x="100" y="100" z="100"/>
</object>
<object name="terrain_1_8">
<model file="Media\Levels\data\terrain_1_8.dbo"/>
<position x="16" y="0" z="112"/>
<rotation x="0" y="0" z="0"/>
<scale x="100" y="100" z="100"/>
</object>
<object name="terrain_2_8">
<model file="Media\Levels\data\terrain_2_8.dbo"/>
<position x="32" y="0" z="112"/>
<rotation x="0" y="0" z="0"/>
<scale x="100" y="100" z="100"/>
</object>
<object name="terrain_3_8">
<model file="Media\Levels\data\terrain_3_8.dbo"/>
<position x="48" y="0" z="112"/>
<rotation x="0" y="0" z="0"/>
<scale x="100" y="100" z="100"/>
</object>
<object name="terrain_4_8">
<model file="Media\Levels\data\terrain_4_8.dbo"/>
<position x="64" y="0" z="112"/>
<rotation x="0" y="0" z="0"/>
<scale x="100" y="100" z="100"/>
</object>
<object name="terrain_5_8">
<model file="Media\Levels\data\terrain_5_8.dbo"/>
<position x="80" y="0" z="112"/>
<rotation x="0" y="0" z="0"/>
<scale x="100" y="100" z="100"/>
</object>
<object name="terrain_6_8">
<model file="Media\Levels\data\terrain_6_8.dbo"/>
<position x="96" y="0" z="112"/>
<rotation x="0" y="0" z="0"/>
<scale x="100" y="100" z="100"/>
</object>
<object name="terrain_7_8">
<model file="Media\Levels\data\terrain_7_8.dbo"/>
<position x="112" y="0" z="112"/>
<rotation x="0" y="0" z="0"/>
<scale x="100" y="100" z="100"/>
</object>
<object name="terrain_8_8">
<model file="Media\Levels\data\terrain_8_8.dbo"/>
<position x="128" y="0" z="112"/>
<rotation x="0" y="0" z="0"/>
<scale x="100" y="100" z="100"/>
</object>
<object name="terrain_9_8">
<model file="Media\Levels\data\terrain_9_8.dbo"/>
<position x="144" y="0" z="112"/>
<rotation x="0" y="0" z="0"/>
<scale x="100" y="100" z="100"/>
</object>
<object name="terrain_10_8">
<model file="Media\Levels\data\terrain_10_8.dbo"/>
<position x="160" y="0" z="112"/>
<rotation x="0" y="0" z="0"/>
<scale x="100" y="100" z="100"/>
</object>
<object name="terrain_11_8">
<model file="Media\Levels\data\terrain_11_8.dbo"/>
<position x="176" y="0" z="112"/>
<rotation x="0" y="0" z="0"/>
<scale x="100" y="100" z="100"/>
</object>
<object name="terrain_12_8">
<model file="Media\Levels\data\terrain_12_8.dbo"/>
<position x="192" y="0" z="112"/>
<rotation x="0" y="0" z="0"/>
<scale x="100" y="100" z="100"/>
</object>
<object name="terrain_13_8">
<model file="Media\Levels\data\terrain_13_8.dbo"/>
<position x="208" y="0" z="112"/>
<rotation x="0" y="0" z="0"/>
<scale x="100" y="100" z="100"/>
</object>
<object name="terrain_14_8">
<model file="Media\Levels\data\terrain_14_8.dbo"/>
<position x="224" y="0" z="112"/>
<rotation x="0" y="0" z="0"/>
<scale x="100" y="100" z="100"/>
</object>
<object name="terrain_15_8">
<model file="Media\Levels\data\terrain_15_8.dbo"/>
<position x="240" y="0" z="112"/>
<rotation x="0" y="0" z="0"/>
<scale x="100" y="100" z="100"/>
</object>
<object name="terrain_0_9">
<model file="Media\Levels\data\terrain_0_9.dbo"/>
<position x="0" y="0" z="96"/>
<rotation x="0" y="0" z="0"/>
<scale x="100" y="100" z="100"/>
</object>
<object name="terrain_1_9">
<model file="Media\Levels\data\terrain_1_9.dbo"/>
<position x="16" y="0" z="96"/>
<rotation x="0" y="0" z="0"/>
<scale x="100" y="100" z="100"/>
</object>
<object name="terrain_2_9">
<model file="Media\Levels\data\terrain_2_9.dbo"/>
<position x="32" y="0" z="96"/>
<rotation x="0" y="0" z="0"/>
<scale x="100" y="100" z="100"/>
</object>
<object name="terrain_3_9">
<model file="Media\Levels\data\terrain_3_9.dbo"/>
<position x="48" y="0" z="96"/>
<rotation x="0" y="0" z="0"/>
<scale x="100" y="100" z="100"/>
</object>
<object name="terrain_4_9">
<model file="Media\Levels\data\terrain_4_9.dbo"/>
<position x="64" y="0" z="96"/>
<rotation x="0" y="0" z="0"/>
<scale x="100" y="100" z="100"/>
</object>
<object name="terrain_5_9">
<model file="Media\Levels\data\terrain_5_9.dbo"/>
<position x="80" y="0" z="96"/>
<rotation x="0" y="0" z="0"/>
<scale x="100" y="100" z="100"/>
</object>
<object name="terrain_6_9">
<model file="Media\Levels\data\terrain_6_9.dbo"/>
<position x="96" y="0" z="96"/>
<rotation x="0" y="0" z="0"/>
<scale x="100" y="100" z="100"/>
</object>
<object name="terrain_7_9">
<model file="Media\Levels\data\terrain_7_9.dbo"/>
<position x="112" y="0" z="96"/>
<rotation x="0" y="0" z="0"/>
<scale x="100" y="100" z="100"/>
</object>
<object name="terrain_8_9">
<model file="Media\Levels\data\terrain_8_9.dbo"/>
<position x="128" y="0" z="96"/>
<rotation x="0" y="0" z="0"/>
<scale x="100" y="100" z="100"/>
</object>
<object name="terrain_9_9">
<model file="Media\Levels\data\terrain_9_9.dbo"/>
<position x="144" y="0" z="96"/>
<rotation x="0" y="0" z="0"/>
<scale x="100" y="100" z="100"/>
</object>
<object name="terrain_10_9">
<model file="Media\Levels\data\terrain_10_9.dbo"/>
<position x="160" y="0" z="96"/>
<rotation x="0" y="0" z="0"/>
<scale x="100" y="100" z="100"/>
</object>
<object name="terrain_11_9">
<model file="Media\Levels\data\terrain_11_9.dbo"/>
<position x="176" y="0" z="96"/>
<rotation x="0" y="0" z="0"/>
<scale x="100" y="100" z="100"/>
</object>
<object name="terrain_12_9">
<model file="Media\Levels\data\terrain_12_9.dbo"/>
<position x="192" y="0" z="96"/>
<rotation x="0" y="0" z="0"/>
<scale x="100" y="100" z="100"/>
</object>
<object name="terrain_13_9">
<model file="Media\Levels\data\terrain_13_9.dbo"/>
<position x="208" y="0" z="96"/>
<rotation x="0" y="0" z="0"/>
<scale x="100" y="100" z="100"/>
</object>
<object name="terrain_14_9">
<model file="Media\Levels\data\terrain_14_9.dbo"/>
<position x="224" y="0" z="96"/>
<rotation x="0" y="0" z="0"/>
<scale x="100" y="100" z="100"/>
</object>
<object name="terrain_15_9">
<model file="Media\Levels\data\terrain_15_9.dbo"/>
<position x="240" y="0" z="96"/>
<rotation x="0" y="0" z="0"/>
<scale x="100" y="100" z="100"/>
</object>
<object name="terrain_0_10">
<model file="Media\Levels\data\terrain_0_10.dbo"/>
<position x="0" y="0" z="80"/>
<rotation x="0" y="0" z="0"/>
<scale x="100" y="100" z="100"/>
</object>
<object name="terrain_1_10">
<model file="Media\Levels\data\terrain_1_10.dbo"/>
<position x="16" y="0" z="80"/>
<rotation x="0" y="0" z="0"/>
<scale x="100" y="100" z="100"/>
</object>
<object name="terrain_2_10">
<model file="Media\Levels\data\terrain_2_10.dbo"/>
<position x="32" y="0" z="80"/>
<rotation x="0" y="0" z="0"/>
<scale x="100" y="100" z="100"/>
</object>
<object name="terrain_3_10">
<model file="Media\Levels\data\terrain_3_10.dbo"/>
<position x="48" y="0" z="80"/>
<rotation x="0" y="0" z="0"/>
<scale x="100" y="100" z="100"/>
</object>
<object name="terrain_4_10">
<model file="Media\Levels\data\terrain_4_10.dbo"/>
<position x="64" y="0" z="80"/>
<rotation x="0" y="0" z="0"/>
<scale x="100" y="100" z="100"/>
</object>
<object name="terrain_5_10">
<model file="Media\Levels\data\terrain_5_10.dbo"/>
<position x="80" y="0" z="80"/>
<rotation x="0" y="0" z="0"/>
<scale x="100" y="100" z="100"/>
</object>
<object name="terrain_6_10">
<model file="Media\Levels\data\terrain_6_10.dbo"/>
<position x="96" y="0" z="80"/>
<rotation x="0" y="0" z="0"/>
<scale x="100" y="100" z="100"/>
</object>
<object name="terrain_7_10">
<model file="Media\Levels\data\terrain_7_10.dbo"/>
<position x="112" y="0" z="80"/>
<rotation x="0" y="0" z="0"/>
<scale x="100" y="100" z="100"/>
</object>
<object name="terrain_8_10">
<model file="Media\Levels\data\terrain_8_10.dbo"/>
<position x="128" y="0" z="80"/>
<rotation x="0" y="0" z="0"/>
<scale x="100" y="100" z="100"/>
</object>
<object name="terrain_9_10">
<model file="Media\Levels\data\terrain_9_10.dbo"/>
<position x="144" y="0" z="80"/>
<rotation x="0" y="0" z="0"/>
<scale x="100" y="100" z="100"/>
</object>
<object name="terrain_10_10">
<model file="Media\Levels\data\terrain_10_10.dbo"/>
<position x="160" y="0" z="80"/>
<rotation x="0" y="0" z="0"/>
<scale x="100" y="100" z="100"/>
</object>
<object name="terrain_11_10">
<model file="Media\Levels\data\terrain_11_10.dbo"/>
<position x="176" y="0" z="80"/>
<rotation x="0" y="0" z="0"/>
<scale x="100" y="100" z="100"/>
</object>
<object name="terrain_12_10">
<model file="Media\Levels\data\terrain_12_10.dbo"/>
<position x="192" y="0" z="80"/>
<rotation x="0" y="0" z="0"/>
<scale x="100" y="100" z="100"/>
</object>
<object name="terrain_13_10">
<model file="Media\Levels\data\terrain_13_10.dbo"/>
<position x="208" y="0" z="80"/>
<rotation x="0" y="0" z="0"/>
<scale x="100" y="100" z="100"/>
</object>
<object name="terrain_14_10">
<model file="Media\Levels\data\terrain_14_10.dbo"/>
<position x="224" y="0" z="80"/>
<rotation x="0" y="0" z="0"/>
<scale x="100" y="100" z="100"/>
</object>
<object name="terrain_15_10">
<model file="Media\Levels\data\terrain_15_10.dbo"/>
<position x="240" y="0" z="80"/>
<rotation x="0" y="0" z="0"/>
<scale x="100" y="100" z="100"/>
</object>
<object name="terrain_0_11">
<model file="Media\Levels\data\terrain_0_11.dbo"/>
<position x="0" y="0" z="64"/>
<rotation x="0" y="0" z="0"/>
<scale x="100" y="100" z="100"/>
</object>
<object name="terrain_1_11">
<model file="Media\Levels\data\terrain_1_11.dbo"/>
<position x="16" y="0" z="64"/>
<rotation x="0" y="0" z="0"/>
<scale x="100" y="100" z="100"/>
</object>
<object name="terrain_2_11">
<model file="Media\Levels\data\terrain_2_11.dbo"/>
<position x="32" y="0" z="64"/>
<rotation x="0" y="0" z="0"/>
<scale x="100" y="100" z="100"/>
</object>
<object name="terrain_3_11">
<model file="Media\Levels\data\terrain_3_11.dbo"/>
<position x="48" y="0" z="64"/>
<rotation x="0" y="0" z="0"/>
<scale x="100" y="100" z="100"/>
</object>
<object name="terrain_4_11">
<model file="Media\Levels\data\terrain_4_11.dbo"/>
<position x="64" y="0" z="64"/>
<rotation x="0" y="0" z="0"/>
<scale x="100" y="100" z="100"/>
</object>
<object name="terrain_5_11">
<model file="Media\Levels\data\terrain_5_11.dbo"/>
<position x="80" y="0" z="64"/>
<rotation x="0" y="0" z="0"/>
<scale x="100" y="100" z="100"/>
</object>
<object name="terrain_6_11">
<model file="Media\Levels\data\terrain_6_11.dbo"/>
<position x="96" y="0" z="64"/>
<rotation x="0" y="0" z="0"/>
<scale x="100" y="100" z="100"/>
</object>
<object name="terrain_7_11">
<model file="Media\Levels\data\terrain_7_11.dbo"/>
<position x="112" y="0" z="64"/>
<rotation x="0" y="0" z="0"/>
<scale x="100" y="100" z="100"/>
</object>
<object name="terrain_8_11">
<model file="Media\Levels\data\terrain_8_11.dbo"/>
<position x="128" y="0" z="64"/>
<rotation x="0" y="0" z="0"/>
<scale x="100" y="100" z="100"/>
</object>
<object name="terrain_9_11">
<model file="Media\Levels\data\terrain_9_11.dbo"/>
<position x="144" y="0" z="64"/>
<rotation x="0" y="0" z="0"/>
<scale x="100" y="100" z="100"/>
</object>
<object name="terrain_10_11">
<model file="Media\Levels\data\terrain_10_11.dbo"/>
<position x="160" y="0" z="64"/>
<rotation x="0" y="0" z="0"/>
<scale x="100" y="100" z="100"/>
</object>
<object name="terrain_11_11">
<model file="Media\Levels\data\terrain_11_11.dbo"/>
<position x="176" y="0" z="64"/>
<rotation x="0" y="0" z="0"/>
<scale x="100" y="100" z="100"/>
</object>
<object name="terrain_12_11">
<model file="Media\Levels\data\terrain_12_11.dbo"/>
<position x="192" y="0" z="64"/>
<rotation x="0" y="0" z="0"/>
<scale x="100" y="100" z="100"/>
</object>
<object name="terrain_13_11">
<model file="Media\Levels\data\terrain_13_11.dbo"/>
<position x="208" y="0" z="64"/>
<rotation x="0" y="0" z="0"/>
<scale x="100" y="100" z="100"/>
</object>
<object name="terrain_14_11">
<model file="Media\Levels\data\terrain_14_11.dbo"/>
<position x="224" y="0" z="64"/>
<rotation x="0" y="0" z="0"/>
<scale x="100" y="100" z="100"/>
</object>
<object name="terrain_15_11">
<model file="Media\Levels\data\terrain_15_11.dbo"/>
<position x="240" y="0" z="64"/>
<rotation x="0" y="0" z="0"/>
<scale x="100" y="100" z="100"/>
</object>
<object name="terrain_0_12">
<model file="Media\Levels\data\terrain_0_12.dbo"/>
<position x="0" y="0" z="48"/>
<rotation x="0" y="0" z="0"/>
<scale x="100" y="100" z="100"/>
</object>
<object name="terrain_1_12">
<model file="Media\Levels\data\terrain_1_12.dbo"/>
<position x="16" y="0" z="48"/>
<rotation x="0" y="0" z="0"/>
<scale x="100" y="100" z="100"/>
</object>
<object name="terrain_2_12">
<model file="Media\Levels\data\terrain_2_12.dbo"/>
<position x="32" y="0" z="48"/>
<rotation x="0" y="0" z="0"/>
<scale x="100" y="100" z="100"/>
</object>
<object name="terrain_3_12">
<model file="Media\Levels\data\terrain_3_12.dbo"/>
<position x="48" y="0" z="48"/>
<rotation x="0" y="0" z="0"/>
<scale x="100" y="100" z="100"/>
</object>
<object name="terrain_4_12">
<model file="Media\Levels\data\terrain_4_12.dbo"/>
<position x="64" y="0" z="48"/>
<rotation x="0" y="0" z="0"/>
<scale x="100" y="100" z="100"/>
</object>
<object name="terrain_5_12">
<model file="Media\Levels\data\terrain_5_12.dbo"/>
<position x="80" y="0" z="48"/>
<rotation x="0" y="0" z="0"/>
<scale x="100" y="100" z="100"/>
</object>
<object name="terrain_6_12">
<model file="Media\Levels\data\terrain_6_12.dbo"/>
<position x="96" y="0" z="48"/>
<rotation x="0" y="0" z="0"/>
<scale x="100" y="100" z="100"/>
</object>
<object name="terrain_7_12">
<model file="Media\Levels\data\terrain_7_12.dbo"/>
<position x="112" y="0" z="48"/>
<rotation x="0" y="0" z="0"/>
<scale x="100" y="100" z="100"/>
</object>
<object name="terrain_8_12">
<model file="Media\Levels\data\terrain_8_12.dbo"/>
<position x="128" y="0" z="48"/>
<rotation x="0" y="0" z="0"/>
<scale x="100" y="100" z="100"/>
</object>
<object name="terrain_9_12">
<model file="Media\Levels\data\terrain_9_12.dbo"/>
<position x="144" y="0" z="48"/>
<rotation x="0" y="0" z="0"/>
<scale x="100" y="100" z="100"/>
</object>
<object name="terrain_10_12">
<model file="Media\Levels\data\terrain_10_12.dbo"/>
<position x="160" y="0" z="48"/>
<rotation x="0" y="0" z="0"/>
<scale x="100" y="100" z="100"/>
</object>
<object name="terrain_11_12">
<model file="Media\Levels\data\terrain_11_12.dbo"/>
<position x="176" y="0" z="48"/>
<rotation x="0" y="0" z="0"/>
<scale x="100" y="100" z="100"/>
</object>
<object name="terrain_12_12">
<model file="Media\Levels\data\terrain_12_12.dbo"/>
<position x="192" y="0" z="48"/>
<rotation x="0" y="0" z="0"/>
<scale x="100" y="100" z="100"/>
</object>
<object name="terrain_13_12">
<model file="Media\Levels\data\terrain_13_12.dbo"/>
<position x="208" y="0" z="48"/>
<rotation x="0" y="0" z="0"/>
<scale x="100" y="100" z="100"/>
</object>
<object name="terrain_14_12">
<model file="Media\Levels\data\terrain_14_12.dbo"/>
<position x="224" y="0" z="48"/>
<rotation x="0" y="0" z="0"/>
<scale x="100" y="100" z="100"/>
</object>
<object name="terrain_15_12">
<model file="Media\Levels\data\terrain_15_12.dbo"/>
<position x="240" y="0" z="48"/>
<rotation x="0" y="0" z="0"/>
<scale x="100" y="100" z="100"/>
</object>
<object name="terrain_0_13">
<model file="Media\Levels\data\terrain_0_13.dbo"/>
<position x="0" y="0" z="32"/>
<rotation x="0" y="0" z="0"/>
<scale x="100" y="100" z="100"/>
</object>
<object name="terrain_1_13">
<model file="Media\Levels\data\terrain_1_13.dbo"/>
<position x="16" y="0" z="32"/>
<rotation x="0" y="0" z="0"/>
<scale x="100" y="100" z="100"/>
</object>
<object name="terrain_2_13">
<model file="Media\Levels\data\terrain_2_13.dbo"/>
<position x="32" y="0" z="32"/>
<rotation x="0" y="0" z="0"/>
<scale x="100" y="100" z="100"/>
</object>
<object name="terrain_3_13">
<model file="Media\Levels\data\terrain_3_13.dbo"/>
<position x="48" y="0" z="32"/>
<rotation x="0" y="0" z="0"/>
<scale x="100" y="100" z="100"/>
</object>
<object name="terrain_4_13">
<model file="Media\Levels\data\terrain_4_13.dbo"/>
<position x="64" y="0" z="32"/>
<rotation x="0" y="0" z="0"/>
<scale x="100" y="100" z="100"/>
</object>
<object name="terrain_5_13">
<model file="Media\Levels\data\terrain_5_13.dbo"/>
<position x="80" y="0" z="32"/>
<rotation x="0" y="0" z="0"/>
<scale x="100" y="100" z="100"/>
</object>
<object name="terrain_6_13">
<model file="Media\Levels\data\terrain_6_13.dbo"/>
<position x="96" y="0" z="32"/>
<rotation x="0" y="0" z="0"/>
<scale x="100" y="100" z="100"/>
</object>
<object name="terrain_7_13">
<model file="Media\Levels\data\terrain_7_13.dbo"/>
<position x="112" y="0" z="32"/>
<rotation x="0" y="0" z="0"/>
<scale x="100" y="100" z="100"/>
</object>
<object name="terrain_8_13">
<model file="Media\Levels\data\terrain_8_13.dbo"/>
<position x="128" y="0" z="32"/>
<rotation x="0" y="0" z="0"/>
<scale x="100" y="100" z="100"/>
</object>
<object name="terrain_9_13">
<model file="Media\Levels\data\terrain_9_13.dbo"/>
<position x="144" y="0" z="32"/>
<rotation x="0" y="0" z="0"/>
<scale x="100" y="100" z="100"/>
</object>
<object name="terrain_10_13">
<model file="Media\Levels\data\terrain_10_13.dbo"/>
<position x="160" y="0" z="32"/>
<rotation x="0" y="0" z="0"/>
<scale x="100" y="100" z="100"/>
</object>
<object name="terrain_11_13">
<model file="Media\Levels\data\terrain_11_13.dbo"/>
<position x="176" y="0" z="32"/>
<rotation x="0" y="0" z="0"/>
<scale x="100" y="100" z="100"/>
</object>
<object name="terrain_12_13">
<model file="Media\Levels\data\terrain_12_13.dbo"/>
<position x="192" y="0" z="32"/>
<rotation x="0" y="0" z="0"/>
<scale x="100" y="100" z="100"/>
</object>
<object name="terrain_13_13">
<model file="Media\Levels\data\terrain_13_13.dbo"/>
<position x="208" y="0" z="32"/>
<rotation x="0" y="0" z="0"/>
<scale x="100" y="100" z="100"/>
</object>
<object name="terrain_14_13">
<model file="Media\Levels\data\terrain_14_13.dbo"/>
<position x="224" y="0" z="32"/>
<rotation x="0" y="0" z="0"/>
<scale x="100" y="100" z="100"/>
</object>
<object name="terrain_15_13">
<model file="Media\Levels\data\terrain_15_13.dbo"/>
<position x="240" y="0" z="32"/>
<rotation x="0" y="0" z="0"/>
<scale x="100" y="100" z="100"/>
</object>
<object name="terrain_0_14">
<model file="Media\Levels\data\terrain_0_14.dbo"/>
<position x="0" y="0" z="16"/>
<rotation x="0" y="0" z="0"/>
<scale x="100" y="100" z="100"/>
</object>
<object name="terrain_1_14">
<model file="Media\Levels\data\terrain_1_14.dbo"/>
<position x="16" y="0" z="16"/>
<rotation x="0" y="0" z="0"/>
<scale x="100" y="100" z="100"/>
</object>
<object name="terrain_2_14">
<model file="Media\Levels\data\terrain_2_14.dbo"/>
<position x="32" y="0" z="16"/>
<rotation x="0" y="0" z="0"/>
<scale x="100" y="100" z="100"/>
</object>
<object name="terrain_3_14">
<model file="Media\Levels\data\terrain_3_14.dbo"/>
<position x="48" y="0" z="16"/>
<rotation x="0" y="0" z="0"/>
<scale x="100" y="100" z="100"/>
</object>
<object name="terrain_4_14">
<model file="Media\Levels\data\terrain_4_14.dbo"/>
<position x="64" y="0" z="16"/>
<rotation x="0" y="0" z="0"/>
<scale x="100" y="100" z="100"/>
</object>
<object name="terrain_5_14">
<model file="Media\Levels\data\terrain_5_14.dbo"/>
<position x="80" y="0" z="16"/>
<rotation x="0" y="0" z="0"/>
<scale x="100" y="100" z="100"/>
</object>
<object name="terrain_6_14">
<model file="Media\Levels\data\terrain_6_14.dbo"/>
<position x="96" y="0" z="16"/>
<rotation x="0" y="0" z="0"/>
<scale x="100" y="100" z="100"/>
</object>
<object name="terrain_7_14">
<model file="Media\Levels\data\terrain_7_14.dbo"/>
<position x="112" y="0" z="16"/>
<rotation x="0" y="0" z="0"/>
<scale x="100" y="100" z="100"/>
</object>
<object name="terrain_8_14">
<model file="Media\Levels\data\terrain_8_14.dbo"/>
<position x="128" y="0" z="16"/>
<rotation x="0" y="0" z="0"/>
<scale x="100" y="100" z="100"/>
</object>
<object name="terrain_9_14">
<model file="Media\Levels\data\terrain_9_14.dbo"/>
<position x="144" y="0" z="16"/>
<rotation x="0" y="0" z="0"/>
<scale x="100" y="100" z="100"/>
</object>
<object name="terrain_10_14">
<model file="Media\Levels\data\terrain_10_14.dbo"/>
<position x="160" y="0" z="16"/>
<rotation x="0" y="0" z="0"/>
<scale x="100" y="100" z="100"/>
</object>
<object name="terrain_11_14">
<model file="Media\Levels\data\terrain_11_14.dbo"/>
<position x="176" y="0" z="16"/>
<rotation x="0" y="0" z="0"/>
<scale x="100" y="100" z="100"/>
</object>
<object name="terrain_12_14">
<model file="Media\Levels\data\terrain_12_14.dbo"/>
<position x="192" y="0" z="16"/>
<rotation x="0" y="0" z="0"/>
<scale x="100" y="100" z="100"/>
</object>
<object name="terrain_13_14">
<model file="Media\Levels\data\terrain_13_14.dbo"/>
<position x="208" y="0" z="16"/>
<rotation x="0" y="0" z="0"/>
<scale x="100" y="100" z="100"/>
</object>
<object name="terrain_14_14">
<model file="Media\Levels\data\terrain_14_14.dbo"/>
<position x="224" y="0" z="16"/>
<rotation x="0" y="0" z="0"/>
<scale x="100" y="100" z="100"/>
</object>
<object name="terrain_15_14">
<model file="Media\Levels\data\terrain_15_14.dbo"/>
<position x="240" y="0" z="16"/>
<rotation x="0" y="0" z="0"/>
<scale x="100" y="100" z="100"/>
</object>
<object name="terrain_0_15">
<model file="Media\Levels\data\terrain_0_15.dbo"/>
<position x="0" y="0" z="0"/>
<rotation x="0" y="0" z="0"/>
<scale x="100" y="100" z="100"/>
</object>
<object name="terrain_1_15">
<model file="Media\Levels\data\terrain_1_15.dbo"/>
<position x="16" y="0" z="0"/>
<rotation x="0" y="0" z="0"/>
<scale x="100" y="100" z="100"/>
</object>
<object name="terrain_2_15">
<model file="Media\Levels\data\terrain_2_15.dbo"/>
<position x="32" y="0" z="0"/>
<rotation x="0" y="0" z="0"/>
<scale x="100" y="100" z="100"/>
</object>
<object name="terrain_3_15">
<model file="Media\Levels\data\terrain_3_15.dbo"/>
<position x="48" y="0" z="0"/>
<rotation x="0" y="0" z="0"/>
<scale x="100" y="100" z="100"/>
</object>
<object name="terrain_4_15">
<model file="Media\Levels\data\terrain_4_15.dbo"/>
<position x="64" y="0" z="0"/>
<rotation x="0" y="0" z="0"/>
<scale x="100" y="100" z="100"/>
</object>
<object name="terrain_5_15">
<model file="Media\Levels\data\terrain_5_15.dbo"/>
<position x="80" y="0" z="0"/>
<rotation x="0" y="0" z="0"/>
<scale x="100" y="100" z="100"/>
</object>
<object name="terrain_6_15">
<model file="Media\Levels\data\terrain_6_15.dbo"/>
<position x="96" y="0" z="0"/>
<rotation x="0" y="0" z="0"/>
<scale x="100" y="100" z="100"/>
</object>
<object name="terrain_7_15">
<model file="Media\Levels\data\terrain_7_15.dbo"/>
<position x="112" y="0" z="0"/>
<rotation x="0" y="0" z="0"/>
<scale x="100" y="100" z="100"/>
</object>
<object name="terrain_8_15">
<model file="Media\Levels\data\terrain_8_15.dbo"/>
<position x="128" y="0" z="0"/>
<rotation x="0" y="0" z="0"/>
<scale x="100" y="100" z="100"/>
</object>
<object name="terrain_9_15">
<model file="Media\Levels\data\terrain_9_15.dbo"/>
<position x="144" y="0" z="0"/>
<rotation x="0" y="0" z="0"/>
<scale x="100" y="100" z="100"/>
</object>
<object name="terrain_10_15">
<model file="Media\Levels\data\terrain_10_15.dbo"/>
<position x="160" y="0" z="0"/>
<rotation x="0" y="0" z="0"/>
<scale x="100" y="100" z="100"/>
</object>
<object name="terrain_11_15">
<model file="Media\Levels\data\terrain_11_15.dbo"/>
<position x="176" y="0" z="0"/>
<rotation x="0" y="0" z="0"/>
<scale x="100" y="100" z="100"/>
</object>
<object name="terrain_12_15">
<model file="Media\Levels\data\terrain_12_15.dbo"/>
<position x="192" y="0" z="0"/>
<rotation x="0" y="0" z="0"/>
<scale x="100" y="100" z="100"/>
</object>
<object name="terrain_13_15">
<model file="Media\Levels\data\terrain_13_15.dbo"/>
<position x="208" y="0" z="0"/>
<rotation x="0" y="0" z="0"/>
<scale x="100" y="100" z="100"/>
</object>
<object name="terrain_14_15">
<model file="Media\Levels\data\terrain_14_15.dbo"/>
<position x="224" y="0" z="0"/>
<rotation x="0" y="0" z="0"/>
<scale x="100" y="100" z="100"/>
</object>
<object name="terrain_15_15">
<model file="Media\Levels\data\terrain_15_15.dbo"/>
<position x="240" y="0" z="0"/>
<rotation x="0" y="0" z="0"/>
<scale x="100" y="100" z="100"/>
</object>
</world>
